paper_id,format_class,yield_value,yield_unit,time_h,lysate_type
10.1016/j.biochi.2013.11.025,batch,2.3,mg/mL,10.0,E. coli extract
10.1002/biot.201500030,batch,1.2,mg/mL,20.0,E. coli extract
10.3791/59495,batch,260.0,ug/mL,3.0,Vibrio natriegens extract
10.1038/s41467-018-03469-5,batch,1.78,mg/mL,24.0,E. coli extract (recoded strain)
10.1016/j.jbiosc.2014.04.019,batch,0.38,mg/mL,3.0,PURE system
10.1371/journal.pone.0096635,dialysis_cecf,57.0,ug/mL,24.0,insect cell lysate (Sf21)
10.1038/srep30399,dialysis_cecf,237.0,ug/mL,24.0,insect cell lysate (Sf21)
10.1038/s41598-017-12188-8,dialysis_cecf,980.0,ug/mL,48.0,CHO cell lysate
10.1021/acssynbio.4c00559,dialysis_cecf,1.16,mg/mL,300.0,PURE system
10.1063/1.5042307,microfluidic,144.3,ug/mL,5.83,E. coli extract
10.1038/s41378-019-0051-8,microfluidic,63.0,ug/mL,6.0,E. coli extract
10.3389/fmolb.2021.782905,microfluidic,38.3,ug/mL,2.0,E. coli S30 extract
10.1039/C8SC00383A,hydrogel_compartmentalized,197.0,ug/mL,4.0,PURE system
10.1038/s41598-018-36691-8,batch,124.0,ug/mL,16.0,PURE system
10.1002/bit.26855,batch,600.0,ug/mL,2.5,CHO cell lysate
